Metric,Value
Accuracy,0.99725
Precision,1.0
Recall,0.9906462585034014
F1 Score,0.9953011533532679
AUC-ROC,0.9995362876028598
Sensitivity,0.9906462585034014
